/*
  乡镇药店管理系统数据库初始化脚本
  Schema: pms_db
  MySQL: 8.x

  说明：
  1. 本脚本已合并 migrate-stock-min-to-stock.sql 的结构调整。
  2. medicine 表不再包含 stock_min 字段。
  3. stock 表包含 stock_min 字段，用于库存预警下限。
  4. 每张业务表均内置 20 条测试数据，便于上线前联调。
*/

SET NAMES utf8mb4;
SET FOREIGN_KEY_CHECKS = 0;

DROP TABLE IF EXISTS `sys_log`;
DROP TABLE IF EXISTS `stock_check`;
DROP TABLE IF EXISTS `sale_item`;
DROP TABLE IF EXISTS `sale_order`;
DROP TABLE IF EXISTS `stock`;
DROP TABLE IF EXISTS `purchase_item`;
DROP TABLE IF EXISTS `purchase_order`;
DROP TABLE IF EXISTS `medicine`;
DROP TABLE IF EXISTS `supplier`;
DROP TABLE IF EXISTS `customer`;
DROP TABLE IF EXISTS `user`;

-- ----------------------------
-- 用户/操作员表
-- ----------------------------
CREATE TABLE `user` (
  `user_id` int NOT NULL AUTO_INCREMENT COMMENT '主键，自增，用户唯一编号',
  `username` varchar(50) NOT NULL COMMENT '登录账号',
  `password` varchar(100) NOT NULL COMMENT '登录密码',
  `real_name` varchar(30) NOT NULL COMMENT '真实姓名',
  `role` enum('admin','staff') NOT NULL COMMENT '角色：admin=管理员，staff=店员',
  `phone` varchar(20) DEFAULT NULL COMMENT '联系电话',
  `status` tinyint DEFAULT 1 COMMENT '1=正常，0=禁用/离职',
  `remark` varchar(255) DEFAULT NULL COMMENT '备注',
  `create_time` datetime DEFAULT CURRENT_TIMESTAMP COMMENT '创建时间',
  `update_time` datetime DEFAULT CURRENT_TIMESTAMP ON UPDATE CURRENT_TIMESTAMP COMMENT '最后更新时间',
  PRIMARY KEY (`user_id`),
  UNIQUE KEY `uk_username` (`username`)
) ENGINE=InnoDB AUTO_INCREMENT=21 DEFAULT CHARSET=utf8mb4 COLLATE=utf8mb4_0900_ai_ci COMMENT='用户/操作员表';

-- ----------------------------
-- 顾客/会员信息表
-- ----------------------------
CREATE TABLE `customer` (
  `cust_id` int NOT NULL AUTO_INCREMENT COMMENT '主键，自增，顾客唯一编号',
  `cust_name` varchar(30) NOT NULL COMMENT '顾客姓名',
  `phone` varchar(20) NOT NULL COMMENT '联系电话',
  `is_member` tinyint NOT NULL DEFAULT 0 COMMENT '1=会员，0=非会员',
  `member_level` varchar(20) DEFAULT NULL COMMENT '会员等级',
  `total_consume` decimal(10,2) DEFAULT 0.00 COMMENT '累计消费总金额',
  `birthday` date DEFAULT NULL COMMENT '生日',
  `address` varchar(255) DEFAULT NULL COMMENT '地址',
  `status` tinyint DEFAULT 1 COMMENT '1=正常，0=拉黑/禁用',
  `remark` varchar(255) DEFAULT NULL COMMENT '备注',
  `create_time` datetime DEFAULT CURRENT_TIMESTAMP COMMENT '创建时间',
  `update_time` datetime DEFAULT CURRENT_TIMESTAMP ON UPDATE CURRENT_TIMESTAMP COMMENT '最后更新时间',
  PRIMARY KEY (`cust_id`),
  KEY `idx_phone` (`phone`)
) ENGINE=InnoDB AUTO_INCREMENT=21 DEFAULT CHARSET=utf8mb4 COLLATE=utf8mb4_0900_ai_ci COMMENT='顾客/会员信息表';

-- ----------------------------
-- 供应商信息表
-- ----------------------------
CREATE TABLE `supplier` (
  `supplier_id` int NOT NULL AUTO_INCREMENT COMMENT '主键，自增，供应商唯一编号',
  `supplier_name` varchar(100) NOT NULL COMMENT '供应商全称',
  `short_name` varchar(50) DEFAULT NULL COMMENT '简称',
  `contact` varchar(30) DEFAULT NULL COMMENT '联系人姓名',
  `phone` varchar(20) DEFAULT NULL COMMENT '联系电话',
  `telephone` varchar(20) DEFAULT NULL COMMENT '固定电话',
  `address` varchar(255) DEFAULT NULL COMMENT '公司地址',
  `business_license` varchar(50) DEFAULT NULL COMMENT '营业执照号',
  `supply_type` varchar(50) DEFAULT NULL COMMENT '供应类型',
  `bank_info` varchar(100) DEFAULT NULL COMMENT '开户行及账号',
  `status` tinyint DEFAULT 1 COMMENT '1=正常合作，0=暂停/停用',
  `remark` varchar(255) DEFAULT NULL COMMENT '备注信息',
  `create_time` datetime DEFAULT CURRENT_TIMESTAMP COMMENT '创建时间',
  `update_time` datetime DEFAULT CURRENT_TIMESTAMP ON UPDATE CURRENT_TIMESTAMP COMMENT '更新时间',
  PRIMARY KEY (`supplier_id`)
) ENGINE=InnoDB AUTO_INCREMENT=21 DEFAULT CHARSET=utf8mb4 COLLATE=utf8mb4_0900_ai_ci COMMENT='供应商信息表';

-- ----------------------------
-- 药品基础信息表
-- ----------------------------
CREATE TABLE `medicine` (
  `med_id` int NOT NULL AUTO_INCREMENT COMMENT '主键，自增，药品唯一编号',
  `med_name` varchar(100) NOT NULL COMMENT '药品通用名称',
  `med_alias` varchar(100) DEFAULT NULL COMMENT '商品名/别名',
  `med_type` enum('中药','西药','器械') NOT NULL COMMENT '类型：中药/西药/器械',
  `spec` varchar(50) DEFAULT NULL COMMENT '规格',
  `unit` varchar(20) DEFAULT NULL COMMENT '计量单位',
  `dosage_form` varchar(30) DEFAULT NULL COMMENT '剂型',
  `manufacturer` varchar(100) DEFAULT NULL COMMENT '生产厂家',
  `approval_no` varchar(50) DEFAULT NULL COMMENT '批准文号',
  `retail_price` decimal(10,2) NOT NULL COMMENT '零售售价',
  `purchase_price` decimal(10,2) DEFAULT NULL COMMENT '参考进价',
  `is_rx` tinyint DEFAULT 0 COMMENT '1=处方药，0=非处方药',
  `status` tinyint DEFAULT 1 COMMENT '1=正常在售，0=停售/下架',
  `remark` varchar(255) DEFAULT NULL COMMENT '备注',
  `create_time` datetime DEFAULT CURRENT_TIMESTAMP COMMENT '创建时间',
  `update_time` datetime DEFAULT CURRENT_TIMESTAMP ON UPDATE CURRENT_TIMESTAMP COMMENT '更新时间',
  PRIMARY KEY (`med_id`)
) ENGINE=InnoDB AUTO_INCREMENT=21 DEFAULT CHARSET=utf8mb4 COLLATE=utf8mb4_0900_ai_ci COMMENT='药品基础信息表';

-- ----------------------------
-- 采购订单主表
-- ----------------------------
CREATE TABLE `purchase_order` (
  `purchase_id` bigint NOT NULL AUTO_INCREMENT COMMENT '主键，采购单号',
  `supplier_id` int NOT NULL COMMENT '关联供应商ID',
  `user_id` int NOT NULL COMMENT '制单/采购操作员',
  `purchase_time` datetime NOT NULL COMMENT '采购时间',
  `total_amount` decimal(10,2) NOT NULL COMMENT '采购总金额',
  `pay_type` varchar(20) DEFAULT NULL COMMENT '支付方式',
  `purchase_status` tinyint DEFAULT 0 COMMENT '1=已入库，0=待入库，2=已作废',
  `remark` varchar(255) DEFAULT NULL COMMENT '备注',
  `create_time` datetime DEFAULT CURRENT_TIMESTAMP COMMENT '创建时间',
  `update_time` datetime DEFAULT CURRENT_TIMESTAMP ON UPDATE CURRENT_TIMESTAMP COMMENT '更新时间',
  PRIMARY KEY (`purchase_id`),
  KEY `fk_purchase_supplier` (`supplier_id`),
  KEY `fk_purchase_user` (`user_id`),
  CONSTRAINT `fk_purchase_supplier` FOREIGN KEY (`supplier_id`) REFERENCES `supplier` (`supplier_id`),
  CONSTRAINT `fk_purchase_user` FOREIGN KEY (`user_id`) REFERENCES `user` (`user_id`)
) ENGINE=InnoDB AUTO_INCREMENT=21 DEFAULT CHARSET=utf8mb4 COLLATE=utf8mb4_0900_ai_ci COMMENT='采购订单主表';

-- ----------------------------
-- 采购明细表
-- ----------------------------
CREATE TABLE `purchase_item` (
  `item_id` bigint NOT NULL AUTO_INCREMENT COMMENT '主键，明细唯一ID',
  `purchase_id` bigint NOT NULL COMMENT '关联采购主表',
  `med_id` int NOT NULL COMMENT '关联药品ID',
  `batch_no` varchar(50) NOT NULL COMMENT '药品批号',
  `production_date` date DEFAULT NULL COMMENT '生产日期',
  `expire_date` date DEFAULT NULL COMMENT '有效期至',
  `purchase_num` int NOT NULL COMMENT '采购数量',
  `purchase_price` decimal(10,2) NOT NULL COMMENT '采购单价',
  `total_price` decimal(10,2) NOT NULL COMMENT '小计金额',
  `cabinet` varchar(30) DEFAULT NULL COMMENT '建议存放药柜',
  `remark` varchar(255) DEFAULT NULL COMMENT '备注',
  `create_time` datetime DEFAULT CURRENT_TIMESTAMP COMMENT '创建时间',
  PRIMARY KEY (`item_id`),
  KEY `fk_purchase_item_order` (`purchase_id`),
  KEY `fk_purchase_item_med` (`med_id`),
  CONSTRAINT `fk_purchase_item_med` FOREIGN KEY (`med_id`) REFERENCES `medicine` (`med_id`),
  CONSTRAINT `fk_purchase_item_order` FOREIGN KEY (`purchase_id`) REFERENCES `purchase_order` (`purchase_id`)
) ENGINE=InnoDB AUTO_INCREMENT=21 DEFAULT CHARSET=utf8mb4 COLLATE=utf8mb4_0900_ai_ci COMMENT='采购明细表';

-- ----------------------------
-- 库存表
-- ----------------------------
CREATE TABLE `stock` (
  `stock_id` int NOT NULL AUTO_INCREMENT COMMENT '主键，自增，库存记录唯一ID',
  `med_id` int NOT NULL COMMENT '关联药品ID',
  `batch_no` varchar(50) NOT NULL COMMENT '药品批号',
  `expire_date` date DEFAULT NULL COMMENT '有效期至',
  `stock_num` int NOT NULL DEFAULT 0 COMMENT '当前库存数量',
  `stock_min` int DEFAULT 0 COMMENT '库存预警下限',
  `purchase_price` decimal(10,2) DEFAULT NULL COMMENT '本次入库单价',
  `cabinet` varchar(30) DEFAULT NULL COMMENT '药柜位置',
  `production_date` date DEFAULT NULL COMMENT '生产日期',
  `supplier_id` int DEFAULT NULL COMMENT '来源供应商',
  `purchase_id` bigint DEFAULT NULL COMMENT '来源采购订单ID',
  `purchase_item_id` bigint DEFAULT NULL COMMENT '来源采购明细ID',
  `status` tinyint DEFAULT 1 COMMENT '1=正常，0=禁用/清库',
  `remark` varchar(255) DEFAULT NULL COMMENT '备注',
  `create_time` datetime DEFAULT CURRENT_TIMESTAMP COMMENT '入库时间',
  `update_time` datetime DEFAULT CURRENT_TIMESTAMP ON UPDATE CURRENT_TIMESTAMP COMMENT '最后更新时间',
  PRIMARY KEY (`stock_id`),
  KEY `fk_stock_medicine` (`med_id`),
  KEY `fk_stock_supplier` (`supplier_id`),
  KEY `idx_stock_purchase_id` (`purchase_id`),
  KEY `idx_stock_purchase_item_id` (`purchase_item_id`),
  CONSTRAINT `fk_stock_medicine` FOREIGN KEY (`med_id`) REFERENCES `medicine` (`med_id`),
  CONSTRAINT `fk_stock_purchase_item` FOREIGN KEY (`purchase_item_id`) REFERENCES `purchase_item` (`item_id`),
  CONSTRAINT `fk_stock_purchase_order` FOREIGN KEY (`purchase_id`) REFERENCES `purchase_order` (`purchase_id`),
  CONSTRAINT `fk_stock_supplier` FOREIGN KEY (`supplier_id`) REFERENCES `supplier` (`supplier_id`)
) ENGINE=InnoDB AUTO_INCREMENT=21 DEFAULT CHARSET=utf8mb4 COLLATE=utf8mb4_0900_ai_ci COMMENT='库存表（按批号管理）';

-- ----------------------------
-- 销售订单主表
-- ----------------------------
CREATE TABLE `sale_order` (
  `order_id` bigint NOT NULL AUTO_INCREMENT COMMENT '销售单ID',
  `cust_id` int DEFAULT NULL COMMENT '关联顾客ID',
  `user_id` int NOT NULL COMMENT '操作员/店员',
  `create_time` datetime NOT NULL DEFAULT CURRENT_TIMESTAMP COMMENT '订单创建时间',
  `total_price` decimal(10,2) NOT NULL COMMENT '订单总价',
  `pay_type` varchar(20) DEFAULT NULL COMMENT '支付方式',
  `order_type` tinyint DEFAULT 1 COMMENT '1=线下，0=线上',
  `pay_status` tinyint DEFAULT 0 COMMENT '0=未支付，1=已支付，2=已退款',
  `remark` varchar(255) DEFAULT NULL COMMENT '订单备注',
  `update_time` datetime DEFAULT CURRENT_TIMESTAMP ON UPDATE CURRENT_TIMESTAMP COMMENT '最后更新时间',
  PRIMARY KEY (`order_id`),
  KEY `fk_sale_customer` (`cust_id`),
  KEY `fk_sale_user` (`user_id`),
  CONSTRAINT `fk_sale_customer` FOREIGN KEY (`cust_id`) REFERENCES `customer` (`cust_id`),
  CONSTRAINT `fk_sale_user` FOREIGN KEY (`user_id`) REFERENCES `user` (`user_id`)
) ENGINE=InnoDB AUTO_INCREMENT=21 DEFAULT CHARSET=utf8mb4 COLLATE=utf8mb4_0900_ai_ci COMMENT='销售订单主表';

-- ----------------------------
-- 销售订单明细表
-- ----------------------------
CREATE TABLE `sale_item` (
  `item_id` bigint NOT NULL AUTO_INCREMENT COMMENT '主键，明细唯一ID',
  `order_id` bigint NOT NULL COMMENT '关联销售订单ID',
  `med_id` int NOT NULL COMMENT '关联药品ID',
  `batch_no` varchar(50) NOT NULL COMMENT '药品批号',
  `quantity` int NOT NULL COMMENT '销售数量',
  `unit_price` decimal(10,2) NOT NULL COMMENT '销售单价',
  `total_price` decimal(10,2) NOT NULL COMMENT '小计金额',
  `create_time` datetime DEFAULT CURRENT_TIMESTAMP COMMENT '创建时间',
  PRIMARY KEY (`item_id`),
  KEY `fk_item_order` (`order_id`),
  KEY `fk_item_medicine` (`med_id`),
  CONSTRAINT `fk_item_medicine` FOREIGN KEY (`med_id`) REFERENCES `medicine` (`med_id`),
  CONSTRAINT `fk_item_order` FOREIGN KEY (`order_id`) REFERENCES `sale_order` (`order_id`)
) ENGINE=InnoDB AUTO_INCREMENT=21 DEFAULT CHARSET=utf8mb4 COLLATE=utf8mb4_0900_ai_ci COMMENT='销售订单明细表';

-- ----------------------------
-- 库存盘点表
-- ----------------------------
CREATE TABLE `stock_check` (
  `check_id` bigint NOT NULL AUTO_INCREMENT COMMENT '主键，自增，盘点明细唯一ID',
  `check_no` varchar(50) NOT NULL COMMENT '盘点单号',
  `med_id` int NOT NULL COMMENT '关联药品ID',
  `batch_no` varchar(50) NOT NULL COMMENT '药品批号',
  `system_stock` int NOT NULL COMMENT '账面库存',
  `actual_stock` int NOT NULL COMMENT '实际库存',
  `profit_loss` int NOT NULL COMMENT '盈亏数量',
  `unit_price` decimal(10,2) DEFAULT NULL COMMENT '成本单价',
  `profit_loss_amount` decimal(10,2) DEFAULT NULL COMMENT '盈亏金额',
  `check_user` int NOT NULL COMMENT '盘点操作员',
  `check_time` datetime NOT NULL COMMENT '盘点时间',
  `reason` varchar(255) DEFAULT NULL COMMENT '盈亏原因说明',
  `remark` varchar(255) DEFAULT NULL COMMENT '备注',
  `create_time` datetime DEFAULT CURRENT_TIMESTAMP COMMENT '记录创建时间',
  PRIMARY KEY (`check_id`),
  KEY `fk_check_medicine` (`med_id`),
  KEY `fk_check_user` (`check_user`),
  CONSTRAINT `fk_check_medicine` FOREIGN KEY (`med_id`) REFERENCES `medicine` (`med_id`),
  CONSTRAINT `fk_check_user` FOREIGN KEY (`check_user`) REFERENCES `user` (`user_id`)
) ENGINE=InnoDB AUTO_INCREMENT=21 DEFAULT CHARSET=utf8mb4 COLLATE=utf8mb4_0900_ai_ci COMMENT='库存盘点表';

-- ----------------------------
-- 系统操作日志表
-- ----------------------------
CREATE TABLE `sys_log` (
  `log_id` bigint NOT NULL AUTO_INCREMENT COMMENT '主键，自增，日志唯一ID',
  `user_id` int DEFAULT NULL COMMENT '关联用户ID',
  `username` varchar(50) DEFAULT NULL COMMENT '操作账号',
  `real_name` varchar(30) DEFAULT NULL COMMENT '操作人姓名',
  `oper_module` varchar(50) DEFAULT NULL COMMENT '操作模块',
  `oper_type` varchar(30) DEFAULT NULL COMMENT '操作类型',
  `oper_content` varchar(500) DEFAULT NULL COMMENT '操作详情',
  `oper_ip` varchar(50) DEFAULT NULL COMMENT '操作IP地址',
  `oper_time` datetime NOT NULL DEFAULT CURRENT_TIMESTAMP COMMENT '操作时间',
  `remark` varchar(255) DEFAULT NULL COMMENT '备注',
  PRIMARY KEY (`log_id`),
  KEY `fk_log_user` (`user_id`),
  CONSTRAINT `fk_log_user` FOREIGN KEY (`user_id`) REFERENCES `user` (`user_id`)
) ENGINE=InnoDB AUTO_INCREMENT=21 DEFAULT CHARSET=utf8mb4 COLLATE=utf8mb4_0900_ai_ci COMMENT='系统操作日志表';

-- ----------------------------
-- Test data for user
-- ----------------------------
INSERT INTO `user` (`user_id`, `username`, `password`, `real_name`, `role`, `phone`, `status`, `remark`, `create_time`, `update_time`) VALUES
(1,'admin','123456','系统管理员','admin','13800000001',1,'默认管理员','2026-05-01 08:00:00','2026-05-01 08:00:00'),
(2,'staff001','123456','张药师','staff','13800000002',1,'执业药师','2026-05-01 08:05:00','2026-05-01 08:05:00'),
(3,'staff002','123456','李店员','staff','13800000003',1,'收银员','2026-05-01 08:10:00','2026-05-01 08:10:00'),
(4,'staff003','123456','王采购','staff','13800000004',1,'采购员','2026-05-01 08:15:00','2026-05-01 08:15:00'),
(5,'staff004','123456','赵库管','staff','13800000005',1,'库存管理员','2026-05-01 08:20:00','2026-05-01 08:20:00'),
(6,'staff005','123456','孙会计','staff','13800000006',1,'财务','2026-05-01 08:25:00','2026-05-01 08:25:00'),
(7,'staff006','123456','周值班','staff','13800000007',1,'早班','2026-05-01 08:30:00','2026-05-01 08:30:00'),
(8,'staff007','123456','吴值班','staff','13800000008',1,'晚班','2026-05-01 08:35:00','2026-05-01 08:35:00'),
(9,'staff008','123456','郑客服','staff','13800000009',1,'客服','2026-05-01 08:40:00','2026-05-01 08:40:00'),
(10,'staff009','123456','冯配送','staff','13800000010',1,'配送','2026-05-01 08:45:00','2026-05-01 08:45:00'),
(11,'staff010','123456','陈药师','staff','13800000011',1,'执业药师','2026-05-01 08:50:00','2026-05-01 08:50:00'),
(12,'staff011','123456','褚店员','staff','13800000012',1,'收银员','2026-05-01 08:55:00','2026-05-01 08:55:00'),
(13,'staff012','123456','卫采购','staff','13800000013',1,'采购助理','2026-05-01 09:00:00','2026-05-01 09:00:00'),
(14,'staff013','123456','蒋库管','staff','13800000014',1,'仓库助理','2026-05-01 09:05:00','2026-05-01 09:05:00'),
(15,'staff014','123456','沈店员','staff','13800000015',1,'门店店员','2026-05-01 09:10:00','2026-05-01 09:10:00'),
(16,'staff015','123456','韩店员','staff','13800000016',1,'门店店员','2026-05-01 09:15:00','2026-05-01 09:15:00'),
(17,'staff016','123456','杨药师','staff','13800000017',1,'执业药师','2026-05-01 09:20:00','2026-05-01 09:20:00'),
(18,'staff017','123456','朱店员','staff','13800000018',1,'门店店员','2026-05-01 09:25:00','2026-05-01 09:25:00'),
(19,'staff018','123456','秦客服','staff','13800000019',1,'线上客服','2026-05-01 09:30:00','2026-05-01 09:30:00'),
(20,'staff019','123456','尤店长','admin','13800000020',1,'门店负责人','2026-05-01 09:35:00','2026-05-01 09:35:00');

-- ----------------------------
-- Test data for customer
-- ----------------------------
INSERT INTO `customer` (`cust_id`, `cust_name`, `phone`, `is_member`, `member_level`, `total_consume`, `birthday`, `address`, `status`, `remark`, `create_time`, `update_time`) VALUES
(1,'刘大爷','13910000001',1,'金卡',358.60,'1958-03-12','东街一组12号',1,'常购降压药','2026-05-01 09:00:00','2026-05-01 09:00:00'),
(2,'陈阿姨','13910000002',1,'银卡',186.30,'1962-07-08','西街二组8号',1,'会员','2026-05-01 09:05:00','2026-05-01 09:05:00'),
(3,'王先生','13910000003',0,NULL,42.00,'1988-11-20','南街5号',1,'普通顾客','2026-05-01 09:10:00','2026-05-01 09:10:00'),
(4,'李女士','13910000004',1,'普通',96.50,'1991-02-18','北街18号',1,'会员','2026-05-01 09:15:00','2026-05-01 09:15:00'),
(5,'赵老师','13910000005',1,'金卡',512.20,'1976-05-22','中心小学家属院',1,'慢病会员','2026-05-01 09:20:00','2026-05-01 09:20:00'),
(6,'孙师傅','13910000006',0,NULL,18.00,'1982-09-02','车站路6号',1,'普通顾客','2026-05-01 09:25:00','2026-05-01 09:25:00'),
(7,'周女士','13910000007',1,'银卡',226.80,'1985-12-14','农贸市场旁',1,'会员','2026-05-01 09:30:00','2026-05-01 09:30:00'),
(8,'吴大妈','13910000008',1,'普通',75.40,'1955-01-29','幸福小区3栋',1,'会员','2026-05-01 09:35:00','2026-05-01 09:35:00'),
(9,'郑先生','13910000009',0,NULL,0.00,'1995-06-10','临河村9号',1,'新顾客','2026-05-01 09:40:00','2026-05-01 09:40:00'),
(10,'冯女士','13910000010',1,'银卡',168.90,'1979-04-04','邮局旁边',1,'会员','2026-05-01 09:45:00','2026-05-01 09:45:00'),
(11,'何大爷','13910000011',1,'金卡',689.00,'1950-10-01','东桥村2号',1,'慢病会员','2026-05-01 09:50:00','2026-05-01 09:50:00'),
(12,'高女士','13910000012',0,NULL,33.80,'1990-08-18','河西路12号',1,'普通顾客','2026-05-01 09:55:00','2026-05-01 09:55:00'),
(13,'林先生','13910000013',1,'普通',88.00,'1983-03-03','镇政府旁',1,'会员','2026-05-01 10:00:00','2026-05-01 10:00:00'),
(14,'罗阿姨','13910000014',1,'银卡',205.60,'1965-06-28','老街14号',1,'会员','2026-05-01 10:05:00','2026-05-01 10:05:00'),
(15,'梁先生','13910000015',0,NULL,12.50,'1998-01-05','新街15号',1,'普通顾客','2026-05-01 10:10:00','2026-05-01 10:10:00'),
(16,'宋女士','13910000016',1,'普通',55.00,'1986-09-16','桃园路16号',1,'会员','2026-05-01 10:15:00','2026-05-01 10:15:00'),
(17,'唐师傅','13910000017',0,NULL,25.00,'1973-12-12','修理厂旁',1,'普通顾客','2026-05-01 10:20:00','2026-05-01 10:20:00'),
(18,'许女士','13910000018',1,'金卡',430.70,'1980-02-11','卫生院家属楼',1,'会员','2026-05-01 10:25:00','2026-05-01 10:25:00'),
(19,'邓先生','13910000019',1,'银卡',190.20,'1970-07-07','粮站旁',1,'会员','2026-05-01 10:30:00','2026-05-01 10:30:00'),
(20,'彭女士','13910000020',0,NULL,0.00,'1999-11-11','开发区20号',1,'新顾客','2026-05-01 10:35:00','2026-05-01 10:35:00');

-- ----------------------------
-- Test data for supplier
-- ----------------------------
INSERT INTO `supplier` (`supplier_id`, `supplier_name`, `short_name`, `contact`, `phone`, `telephone`, `address`, `business_license`, `supply_type`, `bank_info`, `status`, `remark`, `create_time`, `update_time`) VALUES
(1,'河南康源医药有限公司','康源医药','张经理','13720000001','0371-6000001','郑州市高新区医药路1号','91410100MA000001','西药','中原银行 100001',1,'主供西药','2026-05-01 08:00:00','2026-05-01 08:00:00'),
(2,'郑州仁和药业配送中心','仁和配送','李经理','13720000002','0371-6000002','郑州市管城区仓储路2号','91410100MA000002','综合','建设银行 100002',1,'综合供应','2026-05-01 08:05:00','2026-05-01 08:05:00'),
(3,'洛阳同济医药批发部','同济批发','王经理','13720000003','0379-6000003','洛阳市洛龙区医药街3号','91410300MA000003','中药','工商银行 100003',1,'中药饮片','2026-05-01 08:10:00','2026-05-01 08:10:00'),
(4,'开封健民药械有限公司','健民药械','赵经理','13720000004','0378-6000004','开封市鼓楼区药械路4号','91410200MA000004','器械','农业银行 100004',1,'器械供应','2026-05-01 08:15:00','2026-05-01 08:15:00'),
(5,'新乡民康药品有限公司','民康药品','孙经理','13720000005','0373-6000005','新乡市红旗区健康路5号','91410700MA000005','西药','邮储银行 100005',1,'常用药','2026-05-01 08:20:00','2026-05-01 08:20:00'),
(6,'焦作百草堂中药有限公司','百草堂','周经理','13720000006','0391-6000006','焦作市山阳区百草路6号','91410800MA000006','中药','农商行 100006',1,'中药材','2026-05-01 08:25:00','2026-05-01 08:25:00'),
(7,'许昌瑞康医药有限公司','瑞康医药','吴经理','13720000007','0374-6000007','许昌市魏都区瑞康路7号','91411000MA000007','综合','中国银行 100007',1,'综合供应','2026-05-01 08:30:00','2026-05-01 08:30:00'),
(8,'南阳仲景药业配送站','仲景配送','郑经理','13720000008','0377-6000008','南阳市卧龙区仲景路8号','91411300MA000008','中药','交通银行 100008',1,'中成药','2026-05-01 08:35:00','2026-05-01 08:35:00'),
(9,'商丘安泰医药有限公司','安泰医药','冯经理','13720000009','0370-6000009','商丘市梁园区安泰路9号','91411400MA000009','西药','招商银行 100009',1,'处方药供应','2026-05-01 08:40:00','2026-05-01 08:40:00'),
(10,'周口众康药械批发部','众康药械','陈经理','13720000010','0394-6000010','周口市川汇区众康路10号','91411600MA000010','器械','中信银行 100010',1,'耗材供应','2026-05-01 08:45:00','2026-05-01 08:45:00'),
(11,'驻马店平安医药公司','平安医药','褚经理','13720000011','0396-6000011','驻马店市驿城区平安路11号','91411700MA000011','综合','民生银行 100011',1,'稳定供货','2026-05-01 08:50:00','2026-05-01 08:50:00'),
(12,'信阳绿源中药材有限公司','绿源中药','卫经理','13720000012','0376-6000012','信阳市浉河区绿源路12号','91411500MA000012','中药','浦发银行 100012',1,'中药材','2026-05-01 08:55:00','2026-05-01 08:55:00'),
(13,'平顶山康达药业有限公司','康达药业','蒋经理','13720000013','0375-6000013','平顶山市新华区康达路13号','91410400MA000013','西药','兴业银行 100013',1,'常规西药','2026-05-01 09:00:00','2026-05-01 09:00:00'),
(14,'安阳益民医药有限公司','益民医药','沈经理','13720000014','0372-6000014','安阳市文峰区益民路14号','91410500MA000014','综合','光大银行 100014',1,'综合供应','2026-05-01 09:05:00','2026-05-01 09:05:00'),
(15,'濮阳华康药品配送站','华康配送','韩经理','13720000015','0393-6000015','濮阳市华龙区华康路15号','91410900MA000015','西药','广发银行 100015',1,'配送及时','2026-05-01 09:10:00','2026-05-01 09:10:00'),
(16,'三门峡健安药械有限公司','健安药械','杨经理','13720000016','0398-6000016','三门峡市湖滨区健安路16号','91411200MA000016','器械','华夏银行 100016',1,'药械供应','2026-05-01 09:15:00','2026-05-01 09:15:00'),
(17,'鹤壁康泰医药批发部','康泰批发','朱经理','13720000017','0392-6000017','鹤壁市淇滨区康泰路17号','91410600MA000017','综合','平安银行 100017',1,'综合供应','2026-05-01 09:20:00','2026-05-01 09:20:00'),
(18,'漯河惠民药业有限公司','惠民药业','秦经理','13720000018','0395-6000018','漯河市源汇区惠民路18号','91411100MA000018','西药','浙商银行 100018',1,'惠民常用药','2026-05-01 09:25:00','2026-05-01 09:25:00'),
(19,'济源济康医药有限公司','济康医药','尤经理','13720000019','0391-6000019','济源市济康路19号','91419000MA000019','中药','恒丰银行 100019',1,'中成药','2026-05-01 09:30:00','2026-05-01 09:30:00'),
(20,'河南省医药器械总汇','省药械','许经理','13720000020','0371-6000020','郑州市经开区药械大道20号','91410100MA000020','器械','郑州银行 100020',1,'器械耗材','2026-05-01 09:35:00','2026-05-01 09:35:00');

-- ----------------------------
-- Test data for medicine
-- ----------------------------
INSERT INTO `medicine` (`med_id`, `med_name`, `med_alias`, `med_type`, `spec`, `unit`, `dosage_form`, `manufacturer`, `approval_no`, `retail_price`, `purchase_price`, `is_rx`, `status`, `remark`, `create_time`, `update_time`) VALUES
(1,'感冒灵颗粒','感冒灵','西药','10g*9袋','盒','颗粒剂','华润三九医药股份有限公司','国药准字Z44021940',18.80,12.50,0,1,'常用感冒药','2026-05-01 10:00:00','2026-05-01 10:00:00'),
(2,'阿莫西林胶囊','阿莫仙','西药','0.25g*24粒','盒','胶囊剂','联邦制药厂有限公司','国药准字H44021351',16.50,9.80,1,1,'处方药','2026-05-01 10:05:00','2026-05-01 10:05:00'),
(3,'板蓝根颗粒','板蓝根','中药','10g*20袋','包','颗粒剂','广州白云山中一药业','国药准字Z44023371',22.00,15.20,0,1,'清热解毒','2026-05-01 10:10:00','2026-05-01 10:10:00'),
(4,'布洛芬缓释胶囊','芬必得','西药','0.3g*20粒','盒','胶囊剂','中美天津史克制药','国药准字H20013062',25.00,17.00,0,1,'退热镇痛','2026-05-01 10:15:00','2026-05-01 10:15:00'),
(5,'复方丹参片','丹参片','中药','60片','瓶','片剂','广州白云山和记黄埔中药','国药准字Z44023372',13.50,8.60,1,1,'心脑血管用药','2026-05-01 10:20:00','2026-05-01 10:20:00'),
(6,'云南白药气雾剂','白药喷雾','中药','85g+30g','盒','气雾剂','云南白药集团股份有限公司','国药准字Z53021103',68.00,48.00,0,1,'跌打损伤','2026-05-01 10:25:00','2026-05-01 10:25:00'),
(7,'创可贴','邦迪','器械','100片','盒','贴剂','上海强生有限公司','沪械注准20182140001',19.90,12.00,0,1,'外用耗材','2026-05-01 10:30:00','2026-05-01 10:30:00'),
(8,'医用棉签','棉签','器械','10cm*50支','包','耗材','河南健安医疗器械有限公司','豫械注准20212140002',5.00,2.50,0,1,'一次性耗材','2026-05-01 10:35:00','2026-05-01 10:35:00'),
(9,'维生素C片','VC片','西药','100mg*100片','瓶','片剂','东北制药集团','国药准字H21020713',9.80,5.50,0,1,'维生素补充','2026-05-01 10:40:00','2026-05-01 10:40:00'),
(10,'葡萄糖酸钙口服溶液','钙口服液','西药','10ml*12支','盒','口服溶液剂','哈药集团制药六厂','国药准字H23022410',28.00,18.00,0,1,'补钙','2026-05-01 10:45:00','2026-05-01 10:45:00'),
(11,'藿香正气水','藿香水','中药','10ml*10支','盒','酊剂','太极集团重庆涪陵制药厂','国药准字Z50020409',12.00,7.00,0,1,'暑湿感冒','2026-05-01 10:50:00','2026-05-01 10:50:00'),
(12,'盐酸左氧氟沙星片','左氧片','西药','0.1g*12片','盒','片剂','第一三共制药','国药准字H20000655',18.00,10.00,1,1,'处方抗菌药','2026-05-01 10:55:00','2026-05-01 10:55:00'),
(13,'体温计','水银体温计','器械','腋下型','支','器械','江苏鱼跃医疗设备股份有限公司','苏械注准20182200001',8.00,4.50,0,1,'测温器械','2026-05-01 11:00:00','2026-05-01 11:00:00'),
(14,'血压计','电子血压计','器械','上臂式','台','器械','欧姆龙健康医疗有限公司','辽械注准20202070001',198.00,145.00,0,1,'家庭常备','2026-05-01 11:05:00','2026-05-01 11:05:00'),
(15,'小柴胡颗粒','小柴胡','中药','10g*10袋','盒','颗粒剂','广州白云山光华制药','国药准字Z44020211',16.00,10.20,0,1,'疏肝和胃','2026-05-01 11:10:00','2026-05-01 11:10:00'),
(16,'氯雷他定片','开瑞坦','西药','10mg*6片','盒','片剂','拜耳医药保健有限公司','国药准字H10970410',24.50,16.80,0,1,'抗过敏','2026-05-01 11:15:00','2026-05-01 11:15:00'),
(17,'蒙脱石散','思密达','西药','3g*10袋','盒','散剂','博福-益普生制药','国药准字H20000690',19.80,12.80,0,1,'止泻','2026-05-01 11:20:00','2026-05-01 11:20:00'),
(18,'金银花颗粒','金银花','中药','10g*12袋','盒','颗粒剂','四川依科制药有限公司','国药准字Z51020333',21.00,13.50,0,1,'清热解毒','2026-05-01 11:25:00','2026-05-01 11:25:00'),
(19,'一次性医用口罩','医用口罩','器械','10只','包','耗材','河南康达医疗器械有限公司','豫械注准20202140003',6.00,3.00,0,1,'防护用品','2026-05-01 11:30:00','2026-05-01 11:30:00'),
(20,'碘伏消毒液','碘伏','器械','100ml','瓶','消毒剂','山东利尔康医疗科技股份有限公司','鲁卫消证字2020第0001号',7.50,4.00,0,1,'外用消毒','2026-05-01 11:35:00','2026-05-01 11:35:00');

-- ----------------------------
-- Test data for purchase_order
-- ----------------------------
INSERT INTO `purchase_order` (`purchase_id`, `supplier_id`, `user_id`, `purchase_time`, `total_amount`, `pay_type`, `purchase_status`, `remark`, `create_time`, `update_time`) VALUES
(1,1,4,'2026-05-02 09:00:00',625.00,'银行转账',1,'首批入库','2026-05-02 09:00:00','2026-05-02 09:30:00'),
(2,2,4,'2026-05-02 09:20:00',490.00,'银行转账',1,'常规补货','2026-05-02 09:20:00','2026-05-02 09:50:00'),
(3,3,13,'2026-05-02 09:40:00',760.00,'现金',1,'中药补货','2026-05-02 09:40:00','2026-05-02 10:10:00'),
(4,4,13,'2026-05-02 10:00:00',850.00,'银行转账',1,'器械补货','2026-05-02 10:00:00','2026-05-02 10:30:00'),
(5,5,4,'2026-05-02 10:20:00',430.00,'微信',1,'西药补货','2026-05-02 10:20:00','2026-05-02 10:50:00'),
(6,6,13,'2026-05-02 10:40:00',1440.00,'银行转账',1,'白药采购','2026-05-02 10:40:00','2026-05-02 11:10:00'),
(7,7,4,'2026-05-02 11:00:00',360.00,'现金',1,'创可贴采购','2026-05-02 11:00:00','2026-05-02 11:30:00'),
(8,8,13,'2026-05-02 11:20:00',125.00,'现金',1,'棉签采购','2026-05-02 11:20:00','2026-05-02 11:50:00'),
(9,9,4,'2026-05-02 11:40:00',275.00,'支付宝',1,'VC采购','2026-05-02 11:40:00','2026-05-02 12:10:00'),
(10,10,13,'2026-05-02 12:00:00',540.00,'银行转账',1,'钙剂采购','2026-05-02 12:00:00','2026-05-02 12:30:00'),
(11,11,4,'2026-05-03 09:00:00',350.00,'现金',1,'藿香补货','2026-05-03 09:00:00','2026-05-03 09:30:00'),
(12,12,13,'2026-05-03 09:20:00',500.00,'银行转账',1,'处方药采购','2026-05-03 09:20:00','2026-05-03 09:50:00'),
(13,13,4,'2026-05-03 09:40:00',225.00,'现金',1,'体温计采购','2026-05-03 09:40:00','2026-05-03 10:10:00'),
(14,14,13,'2026-05-03 10:00:00',1450.00,'银行转账',1,'血压计采购','2026-05-03 10:00:00','2026-05-03 10:30:00'),
(15,15,4,'2026-05-03 10:20:00',306.00,'微信',1,'小柴胡采购','2026-05-03 10:20:00','2026-05-03 10:50:00'),
(16,16,13,'2026-05-03 10:40:00',504.00,'银行转账',1,'抗过敏药采购','2026-05-03 10:40:00','2026-05-03 11:10:00'),
(17,17,4,'2026-05-03 11:00:00',384.00,'支付宝',1,'止泻药采购','2026-05-03 11:00:00','2026-05-03 11:30:00'),
(18,18,13,'2026-05-03 11:20:00',405.00,'银行转账',1,'金银花采购','2026-05-03 11:20:00','2026-05-03 11:50:00'),
(19,19,4,'2026-05-03 11:40:00',300.00,'现金',1,'口罩采购','2026-05-03 11:40:00','2026-05-03 12:10:00'),
(20,20,13,'2026-05-03 12:00:00',200.00,'现金',0,'待入库消毒液','2026-05-03 12:00:00','2026-05-03 12:00:00');

-- ----------------------------
-- Test data for purchase_item
-- ----------------------------
INSERT INTO `purchase_item` (`item_id`, `purchase_id`, `med_id`, `batch_no`, `production_date`, `expire_date`, `purchase_num`, `purchase_price`, `total_price`, `cabinet`, `remark`, `create_time`) VALUES
(1,1,1,'B202605001','2026-03-01','2028-03-01',50,12.50,625.00,'西药柜A','已入库','2026-05-02 09:00:00'),
(2,2,2,'B202605002','2026-03-02','2028-03-02',50,9.80,490.00,'处方药柜','已入库','2026-05-02 09:20:00'),
(3,3,3,'B202605003','2026-03-03','2028-03-03',50,15.20,760.00,'中药柜A','已入库','2026-05-02 09:40:00'),
(4,4,4,'B202605004','2026-03-04','2028-03-04',50,17.00,850.00,'西药柜B','已入库','2026-05-02 10:00:00'),
(5,5,5,'B202605005','2026-03-05','2028-03-05',50,8.60,430.00,'中药柜B','已入库','2026-05-02 10:20:00'),
(6,6,6,'B202605006','2026-03-06','2028-03-06',30,48.00,1440.00,'外用药柜','已入库','2026-05-02 10:40:00'),
(7,7,7,'B202605007','2026-03-07','2028-03-07',30,12.00,360.00,'器械柜A','已入库','2026-05-02 11:00:00'),
(8,8,8,'B202605008','2026-03-08','2028-03-08',50,2.50,125.00,'器械柜A','已入库','2026-05-02 11:20:00'),
(9,9,9,'B202605009','2026-03-09','2028-03-09',50,5.50,275.00,'西药柜C','已入库','2026-05-02 11:40:00'),
(10,10,10,'B202605010','2026-03-10','2028-03-10',30,18.00,540.00,'西药柜C','已入库','2026-05-02 12:00:00'),
(11,11,11,'B202605011','2026-03-11','2028-03-11',50,7.00,350.00,'中药柜C','已入库','2026-05-03 09:00:00'),
(12,12,12,'B202605012','2026-03-12','2028-03-12',50,10.00,500.00,'处方药柜','已入库','2026-05-03 09:20:00'),
(13,13,13,'B202605013','2026-03-13','2028-03-13',50,4.50,225.00,'器械柜B','已入库','2026-05-03 09:40:00'),
(14,14,14,'B202605014','2026-03-14','2028-03-14',10,145.00,1450.00,'器械柜B','已入库','2026-05-03 10:00:00'),
(15,15,15,'B202605015','2026-03-15','2028-03-15',30,10.20,306.00,'中药柜C','已入库','2026-05-03 10:20:00'),
(16,16,16,'B202605016','2026-03-16','2028-03-16',30,16.80,504.00,'西药柜D','已入库','2026-05-03 10:40:00'),
(17,17,17,'B202605017','2026-03-17','2028-03-17',30,12.80,384.00,'西药柜D','已入库','2026-05-03 11:00:00'),
(18,18,18,'B202605018','2026-03-18','2028-03-18',30,13.50,405.00,'中药柜D','已入库','2026-05-03 11:20:00'),
(19,19,19,'B202605019','2026-03-19','2028-03-19',100,3.00,300.00,'器械柜C','已入库','2026-05-03 11:40:00'),
(20,20,20,'B202605020','2026-03-20','2028-03-20',50,4.00,200.00,'外用药柜','待入库','2026-05-03 12:00:00');

-- ----------------------------
-- Test data for stock
-- ----------------------------
INSERT INTO `stock` (`stock_id`, `med_id`, `batch_no`, `expire_date`, `stock_num`, `stock_min`, `purchase_price`, `cabinet`, `production_date`, `supplier_id`, `purchase_id`, `purchase_item_id`, `status`, `remark`, `create_time`, `update_time`) VALUES
(1,1,'B202605001','2028-03-01',42,20,12.50,'西药柜A','2026-03-01',1,1,1,1,'测试库存','2026-05-02 09:30:00','2026-05-02 09:30:00'),
(2,2,'B202605002','2028-03-02',45,15,9.80,'处方药柜','2026-03-02',2,2,2,1,'测试库存','2026-05-02 09:50:00','2026-05-02 09:50:00'),
(3,3,'B202605003','2028-03-03',38,20,15.20,'中药柜A','2026-03-03',3,3,3,1,'测试库存','2026-05-02 10:10:00','2026-05-02 10:10:00'),
(4,4,'B202605004','2028-03-04',41,15,17.00,'西药柜B','2026-03-04',4,4,4,1,'测试库存','2026-05-02 10:30:00','2026-05-02 10:30:00'),
(5,5,'B202605005','2028-03-05',48,10,8.60,'中药柜B','2026-03-05',5,5,5,1,'测试库存','2026-05-02 10:50:00','2026-05-02 10:50:00'),
(6,6,'B202605006','2028-03-06',25,8,48.00,'外用药柜','2026-03-06',6,6,6,1,'测试库存','2026-05-02 11:10:00','2026-05-02 11:10:00'),
(7,7,'B202605007','2028-03-07',28,10,12.00,'器械柜A','2026-03-07',7,7,7,1,'测试库存','2026-05-02 11:30:00','2026-05-02 11:30:00'),
(8,8,'B202605008','2028-03-08',46,20,2.50,'器械柜A','2026-03-08',8,8,8,1,'测试库存','2026-05-02 11:50:00','2026-05-02 11:50:00'),
(9,9,'B202605009','2028-03-09',44,20,5.50,'西药柜C','2026-03-09',9,9,9,1,'测试库存','2026-05-02 12:10:00','2026-05-02 12:10:00'),
(10,10,'B202605010','2028-03-10',27,10,18.00,'西药柜C','2026-03-10',10,10,10,1,'测试库存','2026-05-02 12:30:00','2026-05-02 12:30:00'),
(11,11,'B202605011','2028-03-11',47,15,7.00,'中药柜C','2026-03-11',11,11,11,1,'测试库存','2026-05-03 09:30:00','2026-05-03 09:30:00'),
(12,12,'B202605012','2028-03-12',43,12,10.00,'处方药柜','2026-03-12',12,12,12,1,'测试库存','2026-05-03 09:50:00','2026-05-03 09:50:00'),
(13,13,'B202605013','2028-03-13',49,10,4.50,'器械柜B','2026-03-13',13,13,13,1,'测试库存','2026-05-03 10:10:00','2026-05-03 10:10:00'),
(14,14,'B202605014','2028-03-14',9,3,145.00,'器械柜B','2026-03-14',14,14,14,1,'测试库存','2026-05-03 10:30:00','2026-05-03 10:30:00'),
(15,15,'B202605015','2028-03-15',26,10,10.20,'中药柜C','2026-03-15',15,15,15,1,'测试库存','2026-05-03 10:50:00','2026-05-03 10:50:00'),
(16,16,'B202605016','2028-03-16',24,10,16.80,'西药柜D','2026-03-16',16,16,16,1,'测试库存','2026-05-03 11:10:00','2026-05-03 11:10:00'),
(17,17,'B202605017','2028-03-17',23,10,12.80,'西药柜D','2026-03-17',17,17,17,1,'测试库存','2026-05-03 11:30:00','2026-05-03 11:30:00'),
(18,18,'B202605018','2028-03-18',24,10,13.50,'中药柜D','2026-03-18',18,18,18,1,'测试库存','2026-05-03 11:50:00','2026-05-03 11:50:00'),
(19,19,'B202605019','2028-03-19',90,30,3.00,'器械柜C','2026-03-19',19,19,19,1,'测试库存','2026-05-03 12:10:00','2026-05-03 12:10:00'),
(20,20,'B202605020','2028-03-20',0,10,4.00,'外用药柜','2026-03-20',20,20,20,1,'采购单待入库，库存为0','2026-05-03 12:00:00','2026-05-03 12:00:00');

-- ----------------------------
-- Test data for sale_order
-- ----------------------------
INSERT INTO `sale_order` (`order_id`, `cust_id`, `user_id`, `create_time`, `total_price`, `pay_type`, `order_type`, `pay_status`, `remark`, `update_time`) VALUES
(1,1,2,'2026-05-04 08:30:00',150.40,'现金',1,1,'线下销售','2026-05-04 08:30:00'),
(2,2,3,'2026-05-04 08:45:00',82.50,'微信',1,1,'线下销售','2026-05-04 08:45:00'),
(3,3,2,'2026-05-04 09:00:00',264.00,'支付宝',1,1,'线下销售','2026-05-04 09:00:00'),
(4,4,3,'2026-05-04 09:15:00',225.00,'医保',1,1,'线下销售','2026-05-04 09:15:00'),
(5,5,2,'2026-05-04 09:30:00',27.00,'现金',1,1,'线下销售','2026-05-04 09:30:00'),
(6,6,3,'2026-05-04 09:45:00',340.00,'微信',1,1,'线下销售','2026-05-04 09:45:00'),
(7,7,2,'2026-05-04 10:00:00',39.80,'支付宝',1,1,'线下销售','2026-05-04 10:00:00'),
(8,8,3,'2026-05-04 10:15:00',20.00,'现金',1,1,'线下销售','2026-05-04 10:15:00'),
(9,9,2,'2026-05-04 10:30:00',58.80,'微信',1,1,'线下销售','2026-05-04 10:30:00'),
(10,10,3,'2026-05-04 10:45:00',84.00,'支付宝',1,1,'线下销售','2026-05-04 10:45:00'),
(11,11,2,'2026-05-04 11:00:00',36.00,'现金',1,1,'线下销售','2026-05-04 11:00:00'),
(12,12,3,'2026-05-04 11:15:00',126.00,'医保',1,1,'处方药销售','2026-05-04 11:15:00'),
(13,13,2,'2026-05-04 11:30:00',8.00,'现金',1,1,'线下销售','2026-05-04 11:30:00'),
(14,14,3,'2026-05-04 11:45:00',198.00,'微信',1,1,'线下销售','2026-05-04 11:45:00'),
(15,15,2,'2026-05-04 12:00:00',64.00,'支付宝',1,1,'线下销售','2026-05-04 12:00:00'),
(16,16,3,'2026-05-04 12:15:00',73.50,'现金',1,1,'线下销售','2026-05-04 12:15:00'),
(17,17,2,'2026-05-04 12:30:00',59.40,'微信',1,1,'线下销售','2026-05-04 12:30:00'),
(18,18,3,'2026-05-04 12:45:00',63.00,'支付宝',1,1,'线下销售','2026-05-04 12:45:00'),
(19,19,2,'2026-05-04 13:00:00',60.00,'现金',1,1,'线下销售','2026-05-04 13:00:00'),
(20,20,3,'2026-05-04 13:15:00',15.00,'微信',1,0,'待支付测试单','2026-05-04 13:15:00');

-- ----------------------------
-- Test data for sale_item
-- ----------------------------
INSERT INTO `sale_item` (`item_id`, `order_id`, `med_id`, `batch_no`, `quantity`, `unit_price`, `total_price`, `create_time`) VALUES
(1,1,1,'B202605001',8,18.80,150.40,'2026-05-04 08:30:00'),
(2,2,2,'B202605002',5,16.50,82.50,'2026-05-04 08:45:00'),
(3,3,3,'B202605003',12,22.00,264.00,'2026-05-04 09:00:00'),
(4,4,4,'B202605004',9,25.00,225.00,'2026-05-04 09:15:00'),
(5,5,5,'B202605005',2,13.50,27.00,'2026-05-04 09:30:00'),
(6,6,6,'B202605006',5,68.00,340.00,'2026-05-04 09:45:00'),
(7,7,7,'B202605007',2,19.90,39.80,'2026-05-04 10:00:00'),
(8,8,8,'B202605008',4,5.00,20.00,'2026-05-04 10:15:00'),
(9,9,9,'B202605009',6,9.80,58.80,'2026-05-04 10:30:00'),
(10,10,10,'B202605010',3,28.00,84.00,'2026-05-04 10:45:00'),
(11,11,11,'B202605011',3,12.00,36.00,'2026-05-04 11:00:00'),
(12,12,12,'B202605012',7,18.00,126.00,'2026-05-04 11:15:00'),
(13,13,13,'B202605013',1,8.00,8.00,'2026-05-04 11:30:00'),
(14,14,14,'B202605014',1,198.00,198.00,'2026-05-04 11:45:00'),
(15,15,15,'B202605015',4,16.00,64.00,'2026-05-04 12:00:00'),
(16,16,16,'B202605016',3,24.50,73.50,'2026-05-04 12:15:00'),
(17,17,17,'B202605017',3,19.80,59.40,'2026-05-04 12:30:00'),
(18,18,18,'B202605018',3,21.00,63.00,'2026-05-04 12:45:00'),
(19,19,19,'B202605019',10,6.00,60.00,'2026-05-04 13:00:00'),
(20,20,20,'B202605020',2,7.50,15.00,'2026-05-04 13:15:00');

-- ----------------------------
-- Test data for stock_check
-- ----------------------------
INSERT INTO `stock_check` (`check_id`, `check_no`, `med_id`, `batch_no`, `system_stock`, `actual_stock`, `profit_loss`, `unit_price`, `profit_loss_amount`, `check_user`, `check_time`, `reason`, `remark`, `create_time`) VALUES
(1,'CHK20260501001',1,'B202605001',42,42,0,12.50,0.00,5,'2026-05-10 09:00:00','账实相符','月度盘点','2026-05-10 09:00:00'),
(2,'CHK20260501002',2,'B202605002',45,44,-1,9.80,-9.80,5,'2026-05-10 09:05:00','拆零损耗','月度盘点','2026-05-10 09:05:00'),
(3,'CHK20260501003',3,'B202605003',38,39,1,15.20,15.20,5,'2026-05-10 09:10:00','盘盈复核','月度盘点','2026-05-10 09:10:00'),
(4,'CHK20260501004',4,'B202605004',41,41,0,17.00,0.00,5,'2026-05-10 09:15:00','账实相符','月度盘点','2026-05-10 09:15:00'),
(5,'CHK20260501005',5,'B202605005',48,48,0,8.60,0.00,5,'2026-05-10 09:20:00','账实相符','月度盘点','2026-05-10 09:20:00'),
(6,'CHK20260501006',6,'B202605006',25,24,-1,48.00,-48.00,14,'2026-05-10 09:25:00','外包装破损','月度盘点','2026-05-10 09:25:00'),
(7,'CHK20260501007',7,'B202605007',28,28,0,12.00,0.00,14,'2026-05-10 09:30:00','账实相符','月度盘点','2026-05-10 09:30:00'),
(8,'CHK20260501008',8,'B202605008',46,46,0,2.50,0.00,14,'2026-05-10 09:35:00','账实相符','月度盘点','2026-05-10 09:35:00'),
(9,'CHK20260501009',9,'B202605009',44,45,1,5.50,5.50,14,'2026-05-10 09:40:00','盘盈复核','月度盘点','2026-05-10 09:40:00'),
(10,'CHK20260501010',10,'B202605010',27,27,0,18.00,0.00,14,'2026-05-10 09:45:00','账实相符','月度盘点','2026-05-10 09:45:00'),
(11,'CHK20260501011',11,'B202605011',47,47,0,7.00,0.00,5,'2026-05-10 09:50:00','账实相符','月度盘点','2026-05-10 09:50:00'),
(12,'CHK20260501012',12,'B202605012',43,42,-1,10.00,-10.00,5,'2026-05-10 09:55:00','拆零损耗','月度盘点','2026-05-10 09:55:00'),
(13,'CHK20260501013',13,'B202605013',49,49,0,4.50,0.00,5,'2026-05-10 10:00:00','账实相符','月度盘点','2026-05-10 10:00:00'),
(14,'CHK20260501014',14,'B202605014',9,9,0,145.00,0.00,5,'2026-05-10 10:05:00','账实相符','月度盘点','2026-05-10 10:05:00'),
(15,'CHK20260501015',15,'B202605015',26,27,1,10.20,10.20,14,'2026-05-10 10:10:00','盘盈复核','月度盘点','2026-05-10 10:10:00'),
(16,'CHK20260501016',16,'B202605016',24,24,0,16.80,0.00,14,'2026-05-10 10:15:00','账实相符','月度盘点','2026-05-10 10:15:00'),
(17,'CHK20260501017',17,'B202605017',23,22,-1,12.80,-12.80,14,'2026-05-10 10:20:00','拆零损耗','月度盘点','2026-05-10 10:20:00'),
(18,'CHK20260501018',18,'B202605018',24,24,0,13.50,0.00,14,'2026-05-10 10:25:00','账实相符','月度盘点','2026-05-10 10:25:00'),
(19,'CHK20260501019',19,'B202605019',90,90,0,3.00,0.00,5,'2026-05-10 10:30:00','账实相符','月度盘点','2026-05-10 10:30:00'),
(20,'CHK20260501020',20,'B202605020',0,0,0,4.00,0.00,5,'2026-05-10 10:35:00','待入库未盘点','月度盘点','2026-05-10 10:35:00');

-- ----------------------------
-- Test data for sys_log
-- ----------------------------
INSERT INTO `sys_log` (`log_id`, `user_id`, `username`, `real_name`, `oper_module`, `oper_type`, `oper_content`, `oper_ip`, `oper_time`, `remark`) VALUES
(1,1,'admin','系统管理员','用户管理','登录','管理员登录系统','127.0.0.1','2026-05-11 08:00:00','测试日志'),
(2,2,'staff001','张药师','药品管理','查询','查询药品列表','127.0.0.1','2026-05-11 08:05:00','测试日志'),
(3,3,'staff002','李店员','销售订单','新增','创建销售订单1','127.0.0.1','2026-05-11 08:10:00','测试日志'),
(4,4,'staff003','王采购','采购订单','新增','创建采购订单1','127.0.0.1','2026-05-11 08:15:00','测试日志'),
(5,5,'staff004','赵库管','库存管理','修改','调整库存预警下限','127.0.0.1','2026-05-11 08:20:00','测试日志'),
(6,6,'staff005','孙会计','报表导出','导出','导出销售订单Excel','127.0.0.1','2026-05-11 08:25:00','测试日志'),
(7,7,'staff006','周值班','药品管理','导入','导入药品Excel','127.0.0.1','2026-05-11 08:30:00','测试日志'),
(8,8,'staff007','吴值班','库存管理','查询','查看库存列表','127.0.0.1','2026-05-11 08:35:00','测试日志'),
(9,9,'staff008','郑客服','会员管理','查询','查询会员资料','127.0.0.1','2026-05-11 08:40:00','测试日志'),
(10,10,'staff009','冯配送','库存管理','查询','查看近效期库存','127.0.0.1','2026-05-11 08:45:00','测试日志'),
(11,11,'staff010','陈药师','AI客服','查询','处理客户咨询','127.0.0.1','2026-05-11 08:50:00','测试日志'),
(12,12,'staff011','褚店员','销售订单','出库','销售订单确认出库','127.0.0.1','2026-05-11 08:55:00','测试日志'),
(13,13,'staff012','卫采购','采购订单','入库','采购订单确认入库','127.0.0.1','2026-05-11 09:00:00','测试日志'),
(14,14,'staff013','蒋库管','库存盘点','新增','创建盘点单','127.0.0.1','2026-05-11 09:05:00','测试日志'),
(15,15,'staff014','沈店员','药品管理','新增','新增测试药品','127.0.0.1','2026-05-11 09:10:00','测试日志'),
(16,16,'staff015','韩店员','供应商管理','查询','查询供应商列表','127.0.0.1','2026-05-11 09:15:00','测试日志'),
(17,17,'staff016','杨药师','客户管理','修改','更新会员信息','127.0.0.1','2026-05-11 09:20:00','测试日志'),
(18,18,'staff017','朱店员','库存管理','导出','导出库存Excel','127.0.0.1','2026-05-11 09:25:00','测试日志'),
(19,19,'staff018','秦客服','用户端','查询','用户端药品查询','127.0.0.1','2026-05-11 09:30:00','测试日志'),
(20,20,'staff019','尤店长','系统管理','查询','查看系统日志','127.0.0.1','2026-05-11 09:35:00','测试日志');

SET FOREIGN_KEY_CHECKS = 1;
